,NVDA.US,QQQ.US,VXUS.US,VTI.US,MSFT.US,AMZN.US,AAPL.US,BND.US
NVDA.US,1.0,0.7926096848968807,0.5727267004755584,0.6935646651124914,0.6642356467390111,0.5877442534921873,0.5769598930075007,0.08832820272830023
QQQ.US,0.7926096848968807,1.0,0.7786232048299883,0.9321064862805991,0.8725468399330063,0.7854814602984374,0.8215063737333445,0.14532489955335923
VXUS.US,0.5727267004755584,0.7786232048299883,1.0,0.865036956440189,0.6465259799288796,0.5213963281367924,0.620306470660072,0.19176660983465252
VTI.US,0.6935646651124914,0.9321064862805991,0.865036956440189,1.0,0.8003614082186068,0.669409373457587,0.7635245868332556,0.15828192584714032
MSFT.US,0.6642356467390111,0.8725468399330063,0.6465259799288796,0.8003614082186068,1.0,0.6914876778167783,0.7065821087542422,0.1256217374275075
AMZN.US,0.5877442534921873,0.7854814602984374,0.5213963281367924,0.669409373457587,0.6914876778167783,1.0,0.601211696968831,0.1155019877809826
AAPL.US,0.5769598930075007,0.8215063737333445,0.620306470660072,0.7635245868332556,0.7065821087542422,0.601211696968831,1.0,0.12631203113343945
BND.US,0.08832820272830023,0.14532489955335923,0.19176660983465252,0.15828192584714032,0.1256217374275075,0.1155019877809826,0.12631203113343945,1.0
