,NVDA.US,QQQ.US,VXUS.US,MSFT.US,VTI.US,AMZN.US,AAPL.US,BND.US
NVDA.US,1.0,0.792545998698034,0.5726229809008376,0.6641272240559799,0.6934482131803775,0.5874776249542215,0.5767224036088237,0.08851332757956451
QQQ.US,0.792545998698034,1.0,0.7784126061136046,0.8723818200463085,0.9320530048743467,0.7853892821428408,0.8213950816367901,0.14542847898602548
VXUS.US,0.5726229809008376,0.7784126061136046,1.0,0.6464307146323547,0.8648691533495456,0.5209710373691542,0.6201329474491439,0.19167614128709543
MSFT.US,0.6641272240559799,0.8723818200463085,0.6464307146323547,1.0,0.8002713430832014,0.691084255050916,0.7063763654330356,0.12556536943819757
VTI.US,0.6934482131803775,0.9320530048743467,0.8648691533495456,0.8002713430832014,1.0,0.6691559651208385,0.7634985726220297,0.15820533034849454
AMZN.US,0.5874776249542215,0.7853892821428408,0.5209710373691542,0.691084255050916,0.6691559651208385,1.0,0.600973680986696,0.11577596602579535
AAPL.US,0.5767224036088237,0.8213950816367901,0.6201329474491439,0.7063763654330356,0.7634985726220297,0.600973680986696,1.0,0.12620455850940598
BND.US,0.08851332757956451,0.14542847898602548,0.19167614128709543,0.12556536943819757,0.15820533034849454,0.11577596602579535,0.12620455850940598,1.0
