,QQQ.US,NVDA.US,VXUS.US,VTI.US,MSFT.US,AMZN.US,AAPL.US,BND.US
QQQ.US,1.0,0.79275582292639,0.7786076155993916,0.9321022959639408,0.8726628355207047,0.7858243597311171,0.8225897123684451,0.14544308422231975
NVDA.US,0.79275582292639,1.0,0.5728279790268777,0.693672699379277,0.6647371129282911,0.5883129437237138,0.5766153461328323,0.08886261084848233
VXUS.US,0.7786076155993916,0.5728279790268777,1.0,0.8650263597235357,0.6466776412284456,0.5217367414666175,0.6210915786000087,0.19177049093402426
VTI.US,0.9321022959639408,0.693672699379277,0.8650263597235357,1.0,0.8004488135503491,0.6696524823284201,0.7646187732995996,0.15839175562851146
MSFT.US,0.8726628355207047,0.6647371129282911,0.6466776412284456,0.8004488135503491,1.0,0.6914000642774364,0.7084322679516808,0.12567266593487345
AMZN.US,0.7858243597311171,0.5883129437237138,0.5217367414666175,0.6696524823284201,0.6914000642774364,1.0,0.6034400315561705,0.11569554030628494
AAPL.US,0.8225897123684451,0.5766153461328323,0.6210915786000087,0.7646187732995996,0.7084322679516808,0.6034400315561705,1.0,0.12714827612125293
BND.US,0.14544308422231975,0.08886261084848233,0.19177049093402426,0.15839175562851146,0.12567266593487345,0.11569554030628494,0.12714827612125293,1.0
